name,address
San Diego County Credit Union,"665 San Rodolfo Drive, Solana Beach 92075"
U.S. Bank,"3201 University Avenue, San Diego 92104"
U.S. Bank,"5197 Waring Road, San Diego 92120"
Wells Fargo,"4649 Carmel Mountain Road, San Diego 92130"
San Diego County Credit Union,"286 Town Center Parkway, Santee 92071"
Pacific Western Bank,"418 West San Ysidro Boulevard, San Ysidro 92173"
Banner Bank,"275 F Street, Chula Vista 91910"
Bank of America,"11855 Carmel Mountain Road, San Diego 92128"
San Diego County Credit Union,"3366 North Torrey Pines Court, La Jolla 92037"
Bank of America,"6501 Mission Gorge Road, San Diego 92120"
Union Bank,"651 South Rancho Santa Fe Road, San Marcos 92078"
Chase,"2770 Via de la Valle, Del Mar 92014"
San Diego County Credit Union,"3180 Suite 100 University Avenue, San Diego 92104"
California Bank & Trust,"6313 Mission Gorge Road, San Diego 92120"
Comerica Bank,"11608 Carmel Mountain Road, San Diego 92128"
Mission Federal Credit Union,"269 West Washington Street, San Diego 92103"
San Diego County Credit Union,"312 West Main Street, El Cajon 92020"
Homestreet Bank,"1110 Rosecrans Street, San Diego 92106"
Chase,"1130 East Plaza Boulevard, National City 91950"
Chase,"4650 Mission Bay Drive, San Diego 92109"
Wells Fargo,"2775 Via de la Valle, Del Mar 92014"
California Coast Credit Union,"898 Jackman Street, El Cajon 92020"
Wells Fargo,"3820 Valley Centre Drive, San Diego 92130"
San Diego County Credit Union,"303 H Street, Chula Vista 91910"
San Diego County Credit Union,"625 College Boulevard, Oceanside 92057"
First Citizens Bank,"833 Pearl Street, La Jolla 92037"
California Bank and Trust,"135 Saxony Road, Encinitas 92024"
Bank of America,"201 East San Ysidro Boulevard, San Ysidro 92173"
Opus Bank,"7690 El Camino Real, Carlsbad 92009"
Wells Fargo,"12196 Pala Mission Road, Pala 92059"
San Diego County Credit Union,"1664 Garnet Avenue, San Diego 92109"
San Diego County Credit Union,"2245 Fenton Parkway, San Diego 92108"
Chase,"326 West El Norte Parkway, Escondido 92026"
City National Bank,"13520 Evening Creek Drive North, San Diego 92128"
San Diego County Credit Union,"12980 Carmel Country Road, San Diego 92130"
Chase,"3830 Valley Centre Drive, San Diego 92130"
California Coast Credit Union,"9808 Mission Gorge Road, Santee 92071"
Navy Federal Credit Union,"17030 Bernardo Center Drive, San Diego 92128"
San Diego County Credit Union,"5500 Overland Avenue, San Diego 92123"
Citibank,"755 Broadway Circle, San Diego 92101"
U.S. Bank,"4747 Executive Drive, San Diego 92121"
San Diego County Credit Union,"3455 Sports Arena Boulevard, San Diego 92110"
Bank of Hope,"4428 Convoy Street, San Diego 92111"
Chase,"780 Sycamore Avenue, Vista 92083"
Chase,"325 West Felicita Avenue, Escondido 92025"
Wells Fargo,"8898 Navajo Road, San Diego 92119"
Mexican Union,"555 Oxford Street, Chula Vista 91911"
Banc of California,"7877 Ivanhoe Avenue, La Jolla 92037"
Navy Federal Credit Union,"555 Saturn Blvd, San Diego 92154"
Mission Federal Credit Union,"10393 Spring Canyon Road, San Diego 92131"
Bank of America,"295 E Street, Chula Vista 91910"
Wells Fargo,"3505 Rosecrans Street;Sports Arena Boulevard, San Diego 92110"
Union Bank,"344 Laurel Street, San Diego 92103"
Chase,"2551 5th Avenue, San Diego 92103"
Home Bank of California,"4493 Ruffin Road, San Diego 92123"
MyPoint Credit Union,"780 Jamacha Road, El Cajon 92019"
San Diego County Credit Union,"2036 Dairy Mart Road, San Ysidro 92173"
Navy Federal Credit Union,"762 Dennery Road, San Diego 92154"
Wells Fargo,"637 East San Ysidro Boulevard, San Diego 92173"
Banner Bank,"742 Fletcher Parkway, El Cajon 92020"
Navy Federal Credit Union,"709 Fletcher Parkway, El Cajon 92020"
Navy Federal Credit Union,"2891 Jamacha Road, El Cajon 92019"
Union Bank,"12098 Fury Lane, El Cajon 92019"
Chase,"1005 Rosecrans Street, San Diego 92106"
Neighborhood National Bank,"2987 Jamacha Road, El Cajon 92019"
California Coast Credit Union,"386 East H Street, Chula Vista 91910"
Cabrillo Credit Union,"358 East H Street, Chula Vista 91910"
Bank of Southern California,"1620 5th Avenue, San Diego 92101"
Union Bank,"5664 Mission Center Road, San Diego 92108"
Mission Federal Credit Union,"294 North El Camino Real, Encinitas 92024"
Mission Federal Credit Union,
Chase Bank,
Mission Federal Credit Union,"3435 Del Mar Heights Road, San Diego 92130"
Wells Fargo,"13465 Camino, El Cajon 92021"
Mission Federal Credit Union,
Bank of America,"525 19th Street, San Diego 92154"
San Diego County Credit Union,"5555 Mildred Street, San Diego 92110"
Bank of America,"8959 Clairemont Mesa Boulevard, San Diego 92123"
U.S. Bank,"610 West Washington Street, San Diego 92103"
Union Bank,"8359 Mira Mesa Boulevard, San Diego 92126"
Bank of America,"4166 El Cajon Boulevard, San Diego 92105"
Chase,"8850 Navajo Road, San Diego 92119"
Bank of America,"1275 Rosecrans Street, San Diego 92106"
U.S. Bank,"9005 Complex Drive, San Diego 92123"
Union Bank,"7770 Clairemont Mesa Boulevard, San Diego 92111"
U.S. Bank,"1331 Rosecrans Street, San Diego 92106"
U.S. Bank,"13183 Black Mountain Road, San Diego 92129"
Chase,"7777 Girard Avenue, La Jolla 92037"
California Bank and Trust,"8252 Clairemont Mesa Boulevard, San Diego 92111"
Wells Fargo,"10707 Camino Ruiz, San Diego 92126"
Bank of America,"645 Beyer Way, San Diego 92154"
Mission Federal Credit Union,"11650 Carmel Mountain Road, San Diego 92128"
Wells Fargo,"9360 Clairemont Mesa Boulevard, San Diego 92123"
Bank of America,"9298 Mira Mesa Boulevard, San Diego 92126"
U.S. Bank,"12950 Carmel Country Road, San Diego 92130"
Chase,"11995 Carmel Mountain Road, San Diego 92128"
San Diego County Credit Union,"1004 Rosecrans Street, San Diego 92106"
Bank of America,"5851 Balboa Avenue, San Diego 92111"
Banner Bank,"1350 Rosecrans Street, San Diego 92106"
Pacific Western Bank,"1661 Rosecrans Street, San Diego 92106"
Union Bank,"8630 Lake Murray Boulevard, San Diego 92119"
Chase,"5303 Ruffin Road, San Diego 92123"
Wells Fargo,"1205 Rosecrans Street, San Diego 92106"
Union Bank,"1175 Rosecrans Street, San Diego 92106"
Chase,"5825 Balboa Avenue, San Diego 92111"
California Bank & Trust,"5500 Grossmont Center Drive, La Mesa 91942"
Wells Fargo,"5500 Grossmont Center Drive, La Mesa 91942"
Chase,"1000 Orange Ave, Coronado 92118"
Bank of America,"1125 South Main Avenue, Fallbrook 92028"
Comerica Bank,"110 North El Camino Real, Encinitas 92024"
San Diego County Credit Union,"501 North El Camino Real, Encinitas 92024"
Chase,"6998 El Camino Real, Carlsbad 92011"
Wells Fargo,"145 North Escondido Boulevard, Escondido 92025"
Sunrise Bank,"200 West Grand Avenue, Escondido 92025"
Comerica Bank,"260 West Grand Avenue, Escondido 92025"
First Republic Bank,"116 East Grand Avenue, Escondido 92025"
U.S. Bank,"125 North Broadway, Escondido 92025"
San Diego County Credit Union Escondido Civic Center Branch,"150 East Valley Parkway, Escondido 92025"
First California Bank,"355 West Grand Avenue, Escondido 92025"
Union Bank,"303 West Grand Avenue, Escondido 92025"
Silvergate Bank,"128 North Broadway, Escondido 92025"
Wells Fargo,"2366 Jamacha Road, El Cajon 92019"
Chase,"1810 University Drive, Vista 92083"
Chase,"1714 Alpine Boulevard, Alpine 91901"
Chase,"330 East H Street, Chula Vista 91910"
Mission Federal Credit Union,"354 East H Street, Chula Vista 91910"
Bank of America,"2930 Jamacha Road, El Cajon 92019"
U.S. Bank,"2910 Cuyamaca College Drive West, El Cajon 92019"
Chase,"2644 Jamacha Road, San Diego 92019"
Union Bank,"1512 Main Street, Ramona 92065"
Chase,"1467 Main Street, Ramona 92065"
Chase,"1641 South Melrose Drive, Vista 92081"
Chase,"9558 Winter Gardens Boulevard, Lakeside 92040"
San Diego County Credit Union,"2530 El Camino Real, Carlsbad 92008"
San Diego County Credit Union,"2530 El Camino Real, Carlsbad 92008"
Bank of America,"220 South Escondido Boulevard, Escondido 92025"
U.S. Bank,"4249 Camino de la Plaza, San Diego 92173"
Wells Fargo,"13408 Poway Road, Poway 92064"
U.S. Bank,"13395 Poway Road, Poway 92064"
Bank of America,"10511 Craftsman Way, San Diego 92127"
San Diego County Credit Union,"790 West San Marcos Boulevard, San Marcos 92078"
Bank of America,"1350 East Valley Parkway, Escondido 92027"
Chase,"348 S Twin Oaks Valley Road, San Marcos 92078"
Bank of America,"11190 East Ocean Air Drive, San Diego 92130"
Bank of America,"4319 Camino de la Plaza, San Diego 92173"
Pacific Western Bank,"1690 South Melrose Drive, Vista 92081"
Wells Fargo,"245 Santa Helena, Solana Beach 92075"
Union Bank,"580 North 2nd Street, El Cajon 92021"
Chase,"866 N Johnson Av, El Cajon 92020"
Citibank,"402 Fletcher Parkway, El Cajon 92020"
U.S. Bank,"490 Fletcher Parkway, El Cajon 92020"
Mission Federal Credit Union,"270 Fletcher Parkway, El Cajon 92020"
California Coast Credit Union,"140 Knoll Road, San Marcos 92069"
Chase,"1705 San Elijo Road, San Marcos 92078"
U.S. Bank,"640 Hacienda Drive, Vista 92081"
Chase,"7176 Avenida Encinas, Carlsbad 92011"
California Bank & Trust,"2501 Palomar Airport Road, Carlsbad 92011"
Chase,"2219 Palomar Airport Road, Carlsbad 92011"
Bank of America,"645 Carlsbad Village Drive, Carlsbad 92008"
California Bank & Trust,"675 Carlsbad Village Drive, Carlsbad 92008"
Union Bank,"840 Carlsbad Village Drive, Carlsbad 92008"
U.S. Bank,"770 Carlsbad Village Drive, Carlsbad 92008"
Mission Federal Credit Union,"710 Carlsbad Village Drive, Carlsbad 92008"
Chase,"699 Grand Avenue, Carlsbad 92008"
Bank of America,"1735 Eastlake Parkway, Chula Vista 91915"
Wells Fargo,"2160 Birch Road, Chula Vista 91915"
San Diego County Credit Union,"2280 Otay Lakes Road, Chula Vista 91915"
Citibank,"13455 Poway Road, Poway 92064"
Mission Federal Credit Union,"13465 Poway Road, Poway 92064"
Bank of America,"12724 Poway Road, Poway 92064"
Chase,"10539 Scripps Poway Parkway, San Diego 92131"
Bank of America,"11497 Scripps Poway Parkway, San Diego 92131"
San Diego County Credit Union,"1475 West Vista Way, Vista 92083"
Chase,"4025 Cherokee Avenue, San Diego 92105"
Bank of America,"2704 Palomar Airport Road, Carlsbad 92010"
Mission Federal Credit Union,"2662 Gateway Road, Carlsbad 92009"
Citibank,"5604 Mission Center Road, San Diego 92108"
Mission Federal Bank,"599 Telegraph Canyon Road, Chula Vista 91911"
HomeStreet Bank and Commercial Banking Office,"9363 Clairemont Mesa Boulevard, San Diego 92123"
Wells Fargo,"1235 Avocado Avenue, El Cajon 92020"
Chase,"1133 Avocado Avenue, El Cajon 92020"
Navy Federal Credit Union,"9660 Mission Gorge Road, Santee 92071"
Wells Fargo,"250 North 2nd Street, El Cajon 92021"
Mission Federal Credit Union,"3815 Avocado Boulevard, La Mesa 91941"
Chase,"1790 East Main Street, El Cajon 92021"
Union Bank,"9846 Campo Road, Spring Valley 91977"
Bank of the West,"9832 Campo Road, Spring Valley 91977"
Bank of the West,"1234 East Main Street, El Cajon 92019"
Bank of America,"512 Fletcher Parkway, El Cajon 92020"
Inland Federal Credit Union,"570 Broadway, El Cajon 92021"
Bank of America,"845 North 2nd Street, El Cajon 92021"
Mission Federal Credit Union,"245 Town Center Parkway, Santee 92071"
Union Bank,"22 East 8th Street, National City 91950"
Navy Federal Credit Union,"8796 Grossmont Boulevard, La Mesa 91942"
Torrey Pines Bank,"8379 Center Drive, La Mesa 91942"
Navy Federal Credit Union,"200 Catalina Boulevard, San Diego 92106"
Wells Fargo,"730 Christmas Circle, Borrego Springs 92004"
North Island Credit Union,"1101 Palm Avenue, Imperial Beach 91932"
California Coast Credit Union,"429 Santa Fe Drive, Encinitas 92024"
Union Bank,"900 Palm Avenue, Imperial Beach 91932"
